Algoritmo;Cenario;N;Repeticao;Comparacoes;Trocas;Tempo_s
Selection Sort;Aleatorio;1000;1;499500;991;0.002000
Insertion Sort;Aleatorio;1000;1;249681;248691;0.003000
Merge Sort;Aleatorio;1000;1;8704;19952;0.000000
Quick Sort;Aleatorio;1000;1;10514;7099;0.001000
Heap Sort;Aleatorio;1000;1;16859;9071;0.000000
Selection Sort;Aleatorio;1000;2;499500;994;0.002000
Insertion Sort;Aleatorio;1000;2;242129;241134;0.002000
Merge Sort;Aleatorio;1000;2;8702;19952;0.000000
Quick Sort;Aleatorio;1000;2;11203;7039;0.001000
Heap Sort;Aleatorio;1000;2;16869;9117;0.000000
Selection Sort;Aleatorio;1000;3;499500;993;0.002000
Insertion Sort;Aleatorio;1000;3;257606;256614;0.002000
Merge Sort;Aleatorio;1000;3;8710;19952;0.000000
Quick Sort;Aleatorio;1000;3;10763;5994;0.000000
Heap Sort;Aleatorio;1000;3;16866;9079;0.001000
Selection Sort;Aleatorio;1000;4;499500;997;0.001000
Insertion Sort;Aleatorio;1000;4;251411;250416;0.003000
Merge Sort;Aleatorio;1000;4;8694;19952;0.000000
Quick Sort;Aleatorio;1000;4;10144;5075;0.001000
Heap Sort;Aleatorio;1000;4;16910;9112;0.000000
Selection Sort;Aleatorio;1000;5;499500;995;0.002000
Insertion Sort;Aleatorio;1000;5;249445;248451;0.003000
Merge Sort;Aleatorio;1000;5;8680;19952;0.000000
Quick Sort;Aleatorio;1000;5;11208;6685;0.000000
Heap Sort;Aleatorio;1000;5;16882;9107;0.000000
Selection Sort;Aleatorio;1000;6;499500;993;0.002000
Insertion Sort;Aleatorio;1000;6;248463;247468;0.003000
Merge Sort;Aleatorio;1000;6;8672;19952;0.000000
Quick Sort;Aleatorio;1000;6;11242;5971;0.000000
Heap Sort;Aleatorio;1000;6;16839;9071;0.000000
Selection Sort;Aleatorio;1000;7;499500;987;0.002000
Insertion Sort;Aleatorio;1000;7;253679;252684;0.002000
Merge Sort;Aleatorio;1000;7;8695;19952;0.000000
Quick Sort;Aleatorio;1000;7;10666;6131;0.000000
Heap Sort;Aleatorio;1000;7;16867;9077;0.000000
Selection Sort;Aleatorio;1000;8;499500;992;0.001000
Insertion Sort;Aleatorio;1000;8;255126;254134;0.003000
Merge Sort;Aleatorio;1000;8;8734;19952;0.000000
Quick Sort;Aleatorio;1000;8;10615;5830;0.000000
Heap Sort;Aleatorio;1000;8;16796;9055;0.001000
Selection Sort;Aleatorio;1000;9;499500;992;0.002000
Insertion Sort;Aleatorio;1000;9;242128;241137;0.002000
Merge Sort;Aleatorio;1000;9;8705;19952;0.000000
Quick Sort;Aleatorio;1000;9;11577;7542;0.000000
Heap Sort;Aleatorio;1000;9;16825;9081;0.000000
Selection Sort;Aleatorio;1000;10;499500;994;0.001000
Insertion Sort;Aleatorio;1000;10;247005;246011;0.003000
Merge Sort;Aleatorio;1000;10;8678;19952;0.000000
Quick Sort;Aleatorio;1000;10;10769;6347;0.000000
Heap Sort;Aleatorio;1000;10;16894;9106;0.000000
Selection Sort;Ordenado;1000;1;499500;0;0.002000
Insertion Sort;Ordenado;1000;1;999;0;0.000000
Merge Sort;Ordenado;1000;1;5044;19952;0.000000
Quick Sort;Ordenado;1000;1;499500;500499;0.009000
Heap Sort;Ordenado;1000;1;17583;9708;0.000000
Selection Sort;Ordenado;1000;2;499500;0;0.001000
Insertion Sort;Ordenado;1000;2;999;0;0.000000
Merge Sort;Ordenado;1000;2;5044;19952;0.001000
Quick Sort;Ordenado;1000;2;499500;500499;0.009000
Heap Sort;Ordenado;1000;2;17583;9708;0.000000
Selection Sort;Ordenado;1000;3;499500;0;0.001000
Insertion Sort;Ordenado;1000;3;999;0;0.000000
Merge Sort;Ordenado;1000;3;5044;19952;0.001000
Quick Sort;Ordenado;1000;3;499500;500499;0.008000
Heap Sort;Ordenado;1000;3;17583;9708;0.000000
Selection Sort;Ordenado;1000;4;499500;0;0.002000
Insertion Sort;Ordenado;1000;4;999;0;0.000000
Merge Sort;Ordenado;1000;4;5044;19952;0.000000
Quick Sort;Ordenado;1000;4;499500;500499;0.009000
Heap Sort;Ordenado;1000;4;17583;9708;0.001000
Selection Sort;Ordenado;1000;5;499500;0;0.001000
Insertion Sort;Ordenado;1000;5;999;0;0.000000
Merge Sort;Ordenado;1000;5;5044;19952;0.001000
Quick Sort;Ordenado;1000;5;499500;500499;0.010000
Heap Sort;Ordenado;1000;5;17583;9708;0.001000
Selection Sort;Ordenado;1000;6;499500;0;0.001000
Insertion Sort;Ordenado;1000;6;999;0;0.000000
Merge Sort;Ordenado;1000;6;5044;19952;0.001000
Quick Sort;Ordenado;1000;6;499500;500499;0.009000
Heap Sort;Ordenado;1000;6;17583;9708;0.000000
Selection Sort;Ordenado;1000;7;499500;0;0.002000
Insertion Sort;Ordenado;1000;7;999;0;0.000000
Merge Sort;Ordenado;1000;7;5044;19952;0.000000
Quick Sort;Ordenado;1000;7;499500;500499;0.010000
Heap Sort;Ordenado;1000;7;17583;9708;0.000000
Selection Sort;Ordenado;1000;8;499500;0;0.001000
Insertion Sort;Ordenado;1000;8;999;0;0.000000
Merge Sort;Ordenado;1000;8;5044;19952;0.001000
Quick Sort;Ordenado;1000;8;499500;500499;0.021000
Heap Sort;Ordenado;1000;8;17583;9708;0.001000
Selection Sort;Ordenado;1000;9;499500;0;0.002000
Insertion Sort;Ordenado;1000;9;999;0;0.000000
Merge Sort;Ordenado;1000;9;5044;19952;0.000000
Quick Sort;Ordenado;1000;9;499500;500499;0.014000
Heap Sort;Ordenado;1000;9;17583;9708;0.000000
Selection Sort;Ordenado;1000;10;499500;0;0.009000
Insertion Sort;Ordenado;1000;10;999;0;0.000000
Merge Sort;Ordenado;1000;10;5044;19952;0.000000
Quick Sort;Ordenado;1000;10;499500;500499;0.014000
Heap Sort;Ordenado;1000;10;17583;9708;0.001000
Selection Sort;Invertido;1000;1;499500;500;0.006000
Insertion Sort;Invertido;1000;1;499500;499500;0.010000
Merge Sort;Invertido;1000;1;4932;19952;0.000000
Quick Sort;Invertido;1000;1;499500;250499;0.008000
Heap Sort;Invertido;1000;1;15965;8316;0.000000
Selection Sort;Invertido;1000;2;499500;500;0.001000
Insertion Sort;Invertido;1000;2;499500;499500;0.006000
Merge Sort;Invertido;1000;2;4932;19952;0.000000
Quick Sort;Invertido;1000;2;499500;250499;0.014000
Heap Sort;Invertido;1000;2;15965;8316;0.003000
Selection Sort;Invertido;1000;3;499500;500;0.009000
Insertion Sort;Invertido;1000;3;499500;499500;0.006000
Merge Sort;Invertido;1000;3;4932;19952;0.000000
Quick Sort;Invertido;1000;3;499500;250499;0.005000
Heap Sort;Invertido;1000;3;15965;8316;0.000000
Selection Sort;Invertido;1000;4;499500;500;0.001000
Insertion Sort;Invertido;1000;4;499500;499500;0.010000
Merge Sort;Invertido;1000;4;4932;19952;0.000000
Quick Sort;Invertido;1000;4;499500;250499;0.005000
Heap Sort;Invertido;1000;4;15965;8316;0.001000
Selection Sort;Invertido;1000;5;499500;500;0.002000
Insertion Sort;Invertido;1000;5;499500;499500;0.011000
Merge Sort;Invertido;1000;5;4932;19952;0.001000
Quick Sort;Invertido;1000;5;499500;250499;0.013000
Heap Sort;Invertido;1000;5;15965;8316;0.000000
Selection Sort;Invertido;1000;6;499500;500;0.002000
Insertion Sort;Invertido;1000;6;499500;499500;0.010000
Merge Sort;Invertido;1000;6;4932;19952;0.000000
Quick Sort;Invertido;1000;6;499500;250499;0.006000
Heap Sort;Invertido;1000;6;15965;8316;0.000000
Selection Sort;Invertido;1000;7;499500;500;0.003000
Insertion Sort;Invertido;1000;7;499500;499500;0.005000
Merge Sort;Invertido;1000;7;4932;19952;0.000000
Quick Sort;Invertido;1000;7;499500;250499;0.008000
Heap Sort;Invertido;1000;7;15965;8316;0.000000
Selection Sort;Invertido;1000;8;499500;500;0.012000
Insertion Sort;Invertido;1000;8;499500;499500;0.006000
Merge Sort;Invertido;1000;8;4932;19952;0.000000
Quick Sort;Invertido;1000;8;499500;250499;0.010000
Heap Sort;Invertido;1000;8;15965;8316;0.000000
Selection Sort;Invertido;1000;9;499500;500;0.003000
Insertion Sort;Invertido;1000;9;499500;499500;0.006000
Merge Sort;Invertido;1000;9;4932;19952;0.000000
Quick Sort;Invertido;1000;9;499500;250499;0.012000
Heap Sort;Invertido;1000;9;15965;8316;0.000000
Selection Sort;Invertido;1000;10;499500;500;0.002000
Insertion Sort;Invertido;1000;10;499500;499500;0.011000
Merge Sort;Invertido;1000;10;4932;19952;0.000000
Quick Sort;Invertido;1000;10;499500;250499;0.006000
Heap Sort;Invertido;1000;10;15965;8316;0.001000
Selection Sort;Aleatorio;5000;1;12497500;4992;0.082000
Insertion Sort;Aleatorio;5000;1;6282955;6277963;0.083000
Merge Sort;Aleatorio;5000;1;55167;123616;0.002000
Quick Sort;Aleatorio;5000;1;69230;36387;0.003000
Heap Sort;Aleatorio;5000;1;107678;57114;0.003000
Selection Sort;Aleatorio;5000;2;12497500;4993;0.090000
Insertion Sort;Aleatorio;5000;2;6232542;6227550;0.106000
Merge Sort;Aleatorio;5000;2;55278;123616;0.002000
Quick Sort;Aleatorio;5000;2;69299;35258;0.001000
Heap Sort;Aleatorio;5000;2;107593;57094;0.007000
Selection Sort;Aleatorio;5000;3;12497500;4990;0.073000
Insertion Sort;Aleatorio;5000;3;6322284;6317293;0.136000
Merge Sort;Aleatorio;5000;3;55297;123616;0.002000
Quick Sort;Aleatorio;5000;3;72146;37850;0.001000
Heap Sort;Aleatorio;5000;3;107527;56957;0.006000
Selection Sort;Aleatorio;5000;4;12497500;4993;0.082000
Insertion Sort;Aleatorio;5000;4;6318159;6313171;0.284000
Merge Sort;Aleatorio;5000;4;55233;123616;0.012000
Quick Sort;Aleatorio;5000;4;74656;41893;0.001000
Heap Sort;Aleatorio;5000;4;107755;57112;0.002000
Selection Sort;Aleatorio;5000;5;12497500;4994;0.138000
Insertion Sort;Aleatorio;5000;5;6124983;6119994;0.130000
Merge Sort;Aleatorio;5000;5;55244;123616;0.002000
Quick Sort;Aleatorio;5000;5;71442;43418;0.009000
Heap Sort;Aleatorio;5000;5;107760;57148;0.003000
Selection Sort;Aleatorio;5000;6;12497500;4986;0.098000
Insertion Sort;Aleatorio;5000;6;6209887;6204899;0.133000
Merge Sort;Aleatorio;5000;6;55247;123616;0.005000
Quick Sort;Aleatorio;5000;6;71509;40575;0.004000
Heap Sort;Aleatorio;5000;6;107712;57131;0.006000
Selection Sort;Aleatorio;5000;7;12497500;4991;0.095000
Insertion Sort;Aleatorio;5000;7;6287370;6282381;0.145000
Merge Sort;Aleatorio;5000;7;55205;123616;0.003000
Quick Sort;Aleatorio;5000;7;66515;34882;0.001000
Heap Sort;Aleatorio;5000;7;107661;57139;0.012000
Selection Sort;Aleatorio;5000;8;12497500;4995;0.117000
Insertion Sort;Aleatorio;5000;8;6212992;6208003;0.141000
Merge Sort;Aleatorio;5000;8;55282;123616;0.002000
Quick Sort;Aleatorio;5000;8;71098;38175;0.001000
Heap Sort;Aleatorio;5000;8;107740;57156;0.006000
Selection Sort;Aleatorio;5000;9;12497500;4990;0.145000
Insertion Sort;Aleatorio;5000;9;6225816;6220833;0.298000
Merge Sort;Aleatorio;5000;9;55191;123616;0.011000
Quick Sort;Aleatorio;5000;9;69671;38702;0.011000
Heap Sort;Aleatorio;5000;9;107618;57083;0.007000
Selection Sort;Aleatorio;5000;10;12497500;4986;0.172000
Insertion Sort;Aleatorio;5000;10;6124921;6119930;0.177000
Merge Sort;Aleatorio;5000;10;55249;123616;0.002000
Quick Sort;Aleatorio;5000;10;68861;35468;0.001000
Heap Sort;Aleatorio;5000;10;107704;57115;0.006000
Selection Sort;Ordenado;5000;1;12497500;0;0.099000
Insertion Sort;Ordenado;5000;1;4999;0;0.000000
Merge Sort;Ordenado;5000;1;32004;123616;0.002000
Quick Sort;Ordenado;5000;1;12497500;12502499;0.843000
Heap Sort;Ordenado;5000;1;112126;60932;0.002000
Selection Sort;Ordenado;5000;2;12497500;0;0.071000
Insertion Sort;Ordenado;5000;2;4999;0;0.000000
Merge Sort;Ordenado;5000;2;32004;123616;0.004000
Quick Sort;Ordenado;5000;2;12497500;12502499;0.339000
Heap Sort;Ordenado;5000;2;112126;60932;0.003000
Selection Sort;Ordenado;5000;3;12497500;0;0.076000
Insertion Sort;Ordenado;5000;3;4999;0;0.000000
Merge Sort;Ordenado;5000;3;32004;123616;0.002000
Quick Sort;Ordenado;5000;3;12497500;12502499;0.503000
Heap Sort;Ordenado;5000;3;112126;60932;0.001000
Selection Sort;Ordenado;5000;4;12497500;0;0.060000
Insertion Sort;Ordenado;5000;4;4999;0;0.000000
Merge Sort;Ordenado;5000;4;32004;123616;0.001000
Quick Sort;Ordenado;5000;4;12497500;12502499;0.330000
Heap Sort;Ordenado;5000;4;112126;60932;0.002000
Selection Sort;Ordenado;5000;5;12497500;0;0.085000
Insertion Sort;Ordenado;5000;5;4999;0;0.000000
Merge Sort;Ordenado;5000;5;32004;123616;0.001000
Quick Sort;Ordenado;5000;5;12497500;12502499;0.398000
Heap Sort;Ordenado;5000;5;112126;60932;0.002000
Selection Sort;Ordenado;5000;6;12497500;0;0.086000
Insertion Sort;Ordenado;5000;6;4999;0;0.000000
Merge Sort;Ordenado;5000;6;32004;123616;0.002000
Quick Sort;Ordenado;5000;6;12497500;12502499;0.422000
Heap Sort;Ordenado;5000;6;112126;60932;0.002000
Selection Sort;Ordenado;5000;7;12497500;0;0.060000
Insertion Sort;Ordenado;5000;7;4999;0;0.000000
Merge Sort;Ordenado;5000;7;32004;123616;0.002000
Quick Sort;Ordenado;5000;7;12497500;12502499;0.283000
Heap Sort;Ordenado;5000;7;112126;60932;0.002000
Selection Sort;Ordenado;5000;8;12497500;0;0.058000
Insertion Sort;Ordenado;5000;8;4999;0;0.000000
Merge Sort;Ordenado;5000;8;32004;123616;0.001000
Quick Sort;Ordenado;5000;8;12497500;12502499;0.366000
Heap Sort;Ordenado;5000;8;112126;60932;0.001000
Selection Sort;Ordenado;5000;9;12497500;0;0.052000
Insertion Sort;Ordenado;5000;9;4999;0;0.000000
Merge Sort;Ordenado;5000;9;32004;123616;0.003000
Quick Sort;Ordenado;5000;9;12497500;12502499;0.329000
Heap Sort;Ordenado;5000;9;112126;60932;0.002000
Selection Sort;Ordenado;5000;10;12497500;0;0.188000
Insertion Sort;Ordenado;5000;10;4999;0;0.000000
Merge Sort;Ordenado;5000;10;32004;123616;0.001000
Quick Sort;Ordenado;5000;10;12497500;12502499;6.265000
Heap Sort;Ordenado;5000;10;112126;60932;0.001000
Selection Sort;Invertido;5000;1;12497500;2500;0.118000
Insertion Sort;Invertido;5000;1;12497500;12497500;0.332000
Merge Sort;Invertido;5000;1;29804;123616;0.001000
Quick Sort;Invertido;5000;1;12497500;6252499;0.346000
Heap Sort;Invertido;5000;1;103227;53436;0.002000
Selection Sort;Invertido;5000;2;12497500;2500;0.063000
Insertion Sort;Invertido;5000;2;12497500;12497500;0.178000
Merge Sort;Invertido;5000;2;29804;123616;0.002000
Quick Sort;Invertido;5000;2;12497500;6252499;0.206000
Heap Sort;Invertido;5000;2;103227;53436;0.001000
Selection Sort;Invertido;5000;3;12497500;2500;0.095000
Insertion Sort;Invertido;5000;3;12497500;12497500;0.560000
Merge Sort;Invertido;5000;3;29804;123616;0.011000
Quick Sort;Invertido;5000;3;12497500;6252499;0.192000
Heap Sort;Invertido;5000;3;103227;53436;0.002000
Selection Sort;Invertido;5000;4;12497500;2500;0.049000
Insertion Sort;Invertido;5000;4;12497500;12497500;0.169000
Merge Sort;Invertido;5000;4;29804;123616;0.001000
Quick Sort;Invertido;5000;4;12497500;6252499;0.154000
Heap Sort;Invertido;5000;4;103227;53436;0.002000
Selection Sort;Invertido;5000;5;12497500;2500;0.048000
Insertion Sort;Invertido;5000;5;12497500;12497500;0.162000
Merge Sort;Invertido;5000;5;29804;123616;0.001000
Quick Sort;Invertido;5000;5;12497500;6252499;0.163000
Heap Sort;Invertido;5000;5;103227;53436;0.001000
Selection Sort;Invertido;5000;6;12497500;2500;0.055000
Insertion Sort;Invertido;5000;6;12497500;12497500;0.129000
Merge Sort;Invertido;5000;6;29804;123616;0.001000
Quick Sort;Invertido;5000;6;12497500;6252499;0.099000
Heap Sort;Invertido;5000;6;103227;53436;0.001000
Selection Sort;Invertido;5000;7;12497500;2500;0.039000
Insertion Sort;Invertido;5000;7;12497500;12497500;0.128000
Merge Sort;Invertido;5000;7;29804;123616;0.001000
Quick Sort;Invertido;5000;7;12497500;6252499;0.137000
Heap Sort;Invertido;5000;7;103227;53436;0.003000
Selection Sort;Invertido;5000;8;12497500;2500;0.048000
Insertion Sort;Invertido;5000;8;12497500;12497500;0.113000
Merge Sort;Invertido;5000;8;29804;123616;0.002000
Quick Sort;Invertido;5000;8;12497500;6252499;0.097000
Heap Sort;Invertido;5000;8;103227;53436;0.002000
Selection Sort;Invertido;5000;9;12497500;2500;0.039000
Insertion Sort;Invertido;5000;9;12497500;12497500;0.094000
Merge Sort;Invertido;5000;9;29804;123616;0.001000
Quick Sort;Invertido;5000;9;12497500;6252499;0.074000
Heap Sort;Invertido;5000;9;103227;53436;0.001000
Selection Sort;Invertido;5000;10;12497500;2500;0.038000
Insertion Sort;Invertido;5000;10;12497500;12497500;0.101000
Merge Sort;Invertido;5000;10;29804;123616;0.001000
Quick Sort;Invertido;5000;10;12497500;6252499;0.245000
Heap Sort;Invertido;5000;10;103227;53436;0.001000
Selection Sort;Aleatorio;10000;1;49995000;9986;0.134000
Insertion Sort;Aleatorio;10000;1;25311766;25301776;0.155000
Merge Sort;Aleatorio;10000;1;120490;267232;0.004000
Quick Sort;Aleatorio;10000;1;150515;79990;0.002000
Heap Sort;Aleatorio;10000;1;235301;124070;0.001000
Selection Sort;Aleatorio;10000;2;49995000;9991;0.120000
Insertion Sort;Aleatorio;10000;2;24687818;24677827;0.171000
Merge Sort;Aleatorio;10000;2;120406;267232;0.003000
Quick Sort;Aleatorio;10000;2;158865;87587;0.002000
Heap Sort;Aleatorio;10000;2;235517;124395;0.004000
Selection Sort;Aleatorio;10000;3;49995000;9987;0.139000
Insertion Sort;Aleatorio;10000;3;24982144;24972155;0.225000
Merge Sort;Aleatorio;10000;3;120440;267232;0.003000
Quick Sort;Aleatorio;10000;3;153762;94090;0.002000
Heap Sort;Aleatorio;10000;3;235439;124249;0.003000
Selection Sort;Aleatorio;10000;4;49995000;9987;0.123000
Insertion Sort;Aleatorio;10000;4;24641645;24631653;0.103000
Merge Sort;Aleatorio;10000;4;120517;267232;0.003000
Quick Sort;Aleatorio;10000;4;155434;84226;0.002000
Heap Sort;Aleatorio;10000;4;235437;124324;0.002000
Selection Sort;Aleatorio;10000;5;49995000;9987;0.136000
Insertion Sort;Aleatorio;10000;5;25035819;25025825;0.176000
Merge Sort;Aleatorio;10000;5;120527;267232;0.005000
Quick Sort;Aleatorio;10000;5;144802;83532;0.002000
Heap Sort;Aleatorio;10000;5;235329;124218;0.002000
Selection Sort;Aleatorio;10000;6;49995000;9994;0.161000
Insertion Sort;Aleatorio;10000;6;25045676;25035685;0.195000
Merge Sort;Aleatorio;10000;6;120511;267232;0.004000
Quick Sort;Aleatorio;10000;6;156840;86044;0.002000
Heap Sort;Aleatorio;10000;6;235404;124302;0.003000
Selection Sort;Aleatorio;10000;7;49995000;9996;0.167000
Insertion Sort;Aleatorio;10000;7;25139876;25129882;0.204000
Merge Sort;Aleatorio;10000;7;120484;267232;0.005000
Quick Sort;Aleatorio;10000;7;157203;81866;0.002000
Heap Sort;Aleatorio;10000;7;235368;124216;0.003000
Selection Sort;Aleatorio;10000;8;49995000;9983;0.194000
Insertion Sort;Aleatorio;10000;8;24951879;24941891;0.266000
Merge Sort;Aleatorio;10000;8;120430;267232;0.004000
Quick Sort;Aleatorio;10000;8;154232;88388;0.002000
Heap Sort;Aleatorio;10000;8;235283;124224;0.004000
Selection Sort;Aleatorio;10000;9;49995000;9991;0.177000
Insertion Sort;Aleatorio;10000;9;24950306;24940316;0.218000
Merge Sort;Aleatorio;10000;9;120437;267232;0.005000
Quick Sort;Aleatorio;10000;9;169947;100836;0.001000
Heap Sort;Aleatorio;10000;9;235219;124099;0.003000
Selection Sort;Aleatorio;10000;10;49995000;9991;0.268000
Insertion Sort;Aleatorio;10000;10;25074339;25064343;0.388000
Merge Sort;Aleatorio;10000;10;120482;267232;0.005000
Quick Sort;Aleatorio;10000;10;160538;78713;0.002000
Heap Sort;Aleatorio;10000;10;235307;124159;0.003000
Selection Sort;Ordenado;10000;1;49995000;0;0.228000
Insertion Sort;Ordenado;10000;1;9999;0;0.000000
Merge Sort;Ordenado;10000;1;69008;267232;0.005000
Quick Sort;Ordenado;10000;1;49995000;50004999;1.334000
Heap Sort;Ordenado;10000;1;244460;131956;0.004000
Selection Sort;Ordenado;10000;2;49995000;0;0.306000
Insertion Sort;Ordenado;10000;2;9999;0;0.000000
Merge Sort;Ordenado;10000;2;69008;267232;0.003000
Quick Sort;Ordenado;10000;2;49995000;50004999;0.545000
Heap Sort;Ordenado;10000;2;244460;131956;0.003000
Selection Sort;Ordenado;10000;3;49995000;0;0.134000
Insertion Sort;Ordenado;10000;3;9999;0;0.000000
Merge Sort;Ordenado;10000;3;69008;267232;0.003000
Quick Sort;Ordenado;10000;3;49995000;50004999;0.429000
Heap Sort;Ordenado;10000;3;244460;131956;0.003000
Selection Sort;Ordenado;10000;4;49995000;0;0.146000
Insertion Sort;Ordenado;10000;4;9999;0;0.000000
Merge Sort;Ordenado;10000;4;69008;267232;0.003000
Quick Sort;Ordenado;10000;4;49995000;50004999;0.379000
Heap Sort;Ordenado;10000;4;244460;131956;0.002000
Selection Sort;Ordenado;10000;5;49995000;0;0.147000
Insertion Sort;Ordenado;10000;5;9999;0;0.000000
Merge Sort;Ordenado;10000;5;69008;267232;0.003000
Quick Sort;Ordenado;10000;5;49995000;50004999;0.741000
Heap Sort;Ordenado;10000;5;244460;131956;0.001000
Selection Sort;Ordenado;10000;6;49995000;0;0.142000
Insertion Sort;Ordenado;10000;6;9999;0;0.000000
Merge Sort;Ordenado;10000;6;69008;267232;0.003000
Quick Sort;Ordenado;10000;6;49995000;50004999;0.523000
Heap Sort;Ordenado;10000;6;244460;131956;0.002000
Selection Sort;Ordenado;10000;7;49995000;0;0.133000
Insertion Sort;Ordenado;10000;7;9999;0;0.000000
Merge Sort;Ordenado;10000;7;69008;267232;0.002000
Quick Sort;Ordenado;10000;7;49995000;50004999;0.549000
Heap Sort;Ordenado;10000;7;244460;131956;0.002000
Selection Sort;Ordenado;10000;8;49995000;0;0.128000
Insertion Sort;Ordenado;10000;8;9999;0;0.001000
Merge Sort;Ordenado;10000;8;69008;267232;0.003000
Quick Sort;Ordenado;10000;8;49995000;50004999;0.484000
Heap Sort;Ordenado;10000;8;244460;131956;0.005000
Selection Sort;Ordenado;10000;9;49995000;0;0.140000
Insertion Sort;Ordenado;10000;9;9999;0;0.000000
Merge Sort;Ordenado;10000;9;69008;267232;0.003000
Quick Sort;Ordenado;10000;9;49995000;50004999;0.525000
Heap Sort;Ordenado;10000;9;244460;131956;0.004000
Selection Sort;Ordenado;10000;10;49995000;0;0.138000
Insertion Sort;Ordenado;10000;10;9999;0;0.000000
Merge Sort;Ordenado;10000;10;69008;267232;0.003000
Quick Sort;Ordenado;10000;10;49995000;50004999;0.454000
Heap Sort;Ordenado;10000;10;244460;131956;0.003000
Selection Sort;Invertido;10000;1;49995000;5000;0.151000
Insertion Sort;Invertido;10000;1;49995000;49995000;0.428000
Merge Sort;Invertido;10000;1;64608;267232;0.004000
Quick Sort;Invertido;10000;1;49995000;25004999;0.345000
Heap Sort;Invertido;10000;1;226682;116696;0.003000
Selection Sort;Invertido;10000;2;49995000;5000;0.170000
Insertion Sort;Invertido;10000;2;49995000;49995000;0.368000
Merge Sort;Invertido;10000;2;64608;267232;0.002000
Quick Sort;Invertido;10000;2;49995000;25004999;0.873000
Heap Sort;Invertido;10000;2;226682;116696;0.002000
Selection Sort;Invertido;10000;3;49995000;5000;0.239000
Insertion Sort;Invertido;10000;3;49995000;49995000;0.815000
Merge Sort;Invertido;10000;3;64608;267232;0.006000
Quick Sort;Invertido;10000;3;49995000;25004999;0.767000
Heap Sort;Invertido;10000;3;226682;116696;0.002000
Selection Sort;Invertido;10000;4;49995000;5000;0.141000
Insertion Sort;Invertido;10000;4;49995000;49995000;0.298000
Merge Sort;Invertido;10000;4;64608;267232;0.003000
Quick Sort;Invertido;10000;4;49995000;25004999;0.261000
Heap Sort;Invertido;10000;4;226682;116696;0.001000
Selection Sort;Invertido;10000;5;49995000;5000;0.131000
Insertion Sort;Invertido;10000;5;49995000;49995000;0.299000
Merge Sort;Invertido;10000;5;64608;267232;0.002000
Quick Sort;Invertido;10000;5;49995000;25004999;0.263000
Heap Sort;Invertido;10000;5;226682;116696;0.001000
Selection Sort;Invertido;10000;6;49995000;5000;0.153000
Insertion Sort;Invertido;10000;6;49995000;49995000;0.397000
Merge Sort;Invertido;10000;6;64608;267232;0.004000
Quick Sort;Invertido;10000;6;49995000;25004999;0.319000
Heap Sort;Invertido;10000;6;226682;116696;0.002000
Selection Sort;Invertido;10000;7;49995000;5000;0.141000
Insertion Sort;Invertido;10000;7;49995000;49995000;0.356000
Merge Sort;Invertido;10000;7;64608;267232;0.002000
Quick Sort;Invertido;10000;7;49995000;25004999;0.253000
Heap Sort;Invertido;10000;7;226682;116696;0.001000
Selection Sort;Invertido;10000;8;49995000;5000;0.149000
Insertion Sort;Invertido;10000;8;49995000;49995000;0.398000
Merge Sort;Invertido;10000;8;64608;267232;0.001000
Quick Sort;Invertido;10000;8;49995000;25004999;0.258000
Heap Sort;Invertido;10000;8;226682;116696;0.002000
Selection Sort;Invertido;10000;9;49995000;5000;0.142000
Insertion Sort;Invertido;10000;9;49995000;49995000;0.329000
Merge Sort;Invertido;10000;9;64608;267232;0.003000
Quick Sort;Invertido;10000;9;49995000;25004999;0.255000
Heap Sort;Invertido;10000;9;226682;116696;0.001000
Selection Sort;Invertido;10000;10;49995000;5000;0.179000
Insertion Sort;Invertido;10000;10;49995000;49995000;0.517000
Merge Sort;Invertido;10000;10;64608;267232;0.003000
Quick Sort;Invertido;10000;10;49995000;25004999;0.257000
Heap Sort;Invertido;10000;10;226682;116696;0.001000
Selection Sort;Aleatorio;20000;1;199990000;19989;0.493000
Insertion Sort;Aleatorio;20000;1;99403200;99383205;0.691000
Merge Sort;Aleatorio;20000;1;260887;574464;0.005000
Quick Sort;Aleatorio;20000;1;318358;179672;0.003000
Heap Sort;Aleatorio;20000;1;510641;268312;0.004000
Selection Sort;Aleatorio;20000;2;199990000;19991;0.492000
Insertion Sort;Aleatorio;20000;2;99498085;99478092;0.711000
Merge Sort;Aleatorio;20000;2;260962;574464;0.006000
Quick Sort;Aleatorio;20000;2;334649;176269;0.003000
Heap Sort;Aleatorio;20000;2;510812;268474;0.006000
Selection Sort;Aleatorio;20000;3;199990000;19989;0.498000
Insertion Sort;Aleatorio;20000;3;99646122;99626133;0.670000
Merge Sort;Aleatorio;20000;3;260710;574464;0.006000
Quick Sort;Aleatorio;20000;3;323687;178185;0.004000
Heap Sort;Aleatorio;20000;3;510937;268599;0.005000
Selection Sort;Aleatorio;20000;4;199990000;19991;0.663000
Insertion Sort;Aleatorio;20000;4;99367315;99347326;0.581000
Merge Sort;Aleatorio;20000;4;261004;574464;0.009000
Quick Sort;Aleatorio;20000;4;333286;184383;0.006000
Heap Sort;Aleatorio;20000;4;510744;268534;0.004000
Selection Sort;Aleatorio;20000;5;199990000;19988;0.510000
Insertion Sort;Aleatorio;20000;5;100974013;100954021;0.737000
Merge Sort;Aleatorio;20000;5;261002;574464;0.007000
Quick Sort;Aleatorio;20000;5;351739;187936;0.004000
Heap Sort;Aleatorio;20000;5;510904;268466;0.003000
Selection Sort;Aleatorio;20000;6;199990000;19993;0.490000
Insertion Sort;Aleatorio;20000;6;99982474;99962482;0.533000
Merge Sort;Aleatorio;20000;6;260987;574464;0.007000
Quick Sort;Aleatorio;20000;6;380033;222847;0.003000
Heap Sort;Aleatorio;20000;6;510787;268466;0.008000
Selection Sort;Aleatorio;20000;7;199990000;19984;0.502000
Insertion Sort;Aleatorio;20000;7;99803310;99783319;0.759000
Merge Sort;Aleatorio;20000;7;261039;574464;0.007000
Quick Sort;Aleatorio;20000;7;331664;183308;0.005000
Heap Sort;Aleatorio;20000;7;510689;268377;0.007000
Selection Sort;Aleatorio;20000;8;199990000;19988;0.770000
Insertion Sort;Aleatorio;20000;8;100362421;100342431;0.710000
Merge Sort;Aleatorio;20000;8;260945;574464;0.009000
Quick Sort;Aleatorio;20000;8;348597;182563;0.003000
Heap Sort;Aleatorio;20000;8;510840;268446;0.005000
Selection Sort;Aleatorio;20000;9;199990000;19986;0.498000
Insertion Sort;Aleatorio;20000;9;100341235;100321247;0.648000
Merge Sort;Aleatorio;20000;9;260969;574464;0.009000
Quick Sort;Aleatorio;20000;9;335306;172461;0.003000
Heap Sort;Aleatorio;20000;9;510435;268208;0.005000
Selection Sort;Aleatorio;20000;10;199990000;19988;0.495000
Insertion Sort;Aleatorio;20000;10;100177751;100157763;0.680000
Merge Sort;Aleatorio;20000;10;260977;574464;0.008000
Quick Sort;Aleatorio;20000;10;340087;191088;0.005000
Heap Sort;Aleatorio;20000;10;510444;268182;0.004000
Selection Sort;Ordenado;20000;1;199990000;0;0.523000
Insertion Sort;Ordenado;20000;1;19999;0;0.000000
Merge Sort;Ordenado;20000;1;148016;574464;0.006000
Quick Sort;Ordenado;20000;1;199990000;200009999;1.904000
Heap Sort;Ordenado;20000;1;529074;282878;0.005000
Selection Sort;Ordenado;20000;2;199990000;0;0.561000
Insertion Sort;Ordenado;20000;2;19999;0;0.000000
Merge Sort;Ordenado;20000;2;148016;574464;0.006000
Quick Sort;Ordenado;20000;2;199990000;200009999;1.683000
Heap Sort;Ordenado;20000;2;529074;282878;0.006000
Selection Sort;Ordenado;20000;3;199990000;0;0.477000
Insertion Sort;Ordenado;20000;3;19999;0;0.000000
Merge Sort;Ordenado;20000;3;148016;574464;0.005000
Quick Sort;Ordenado;20000;3;199990000;200009999;2.874000
Heap Sort;Ordenado;20000;3;529074;282878;0.004000
Selection Sort;Ordenado;20000;4;199990000;0;0.688000
Insertion Sort;Ordenado;20000;4;19999;0;0.000000
Merge Sort;Ordenado;20000;4;148016;574464;0.007000
Quick Sort;Ordenado;20000;4;199990000;200009999;1.832000
Heap Sort;Ordenado;20000;4;529074;282878;0.007000
Selection Sort;Ordenado;20000;5;199990000;0;0.515000
Insertion Sort;Ordenado;20000;5;19999;0;0.000000
Merge Sort;Ordenado;20000;5;148016;574464;0.007000
Quick Sort;Ordenado;20000;5;199990000;200009999;1.874000
Heap Sort;Ordenado;20000;5;529074;282878;0.004000
Selection Sort;Ordenado;20000;6;199990000;0;0.493000
Insertion Sort;Ordenado;20000;6;19999;0;0.000000
Merge Sort;Ordenado;20000;6;148016;574464;0.005000
Quick Sort;Ordenado;20000;6;199990000;200009999;1.641000
Heap Sort;Ordenado;20000;6;529074;282878;0.004000
Selection Sort;Ordenado;20000;7;199990000;0;0.488000
Insertion Sort;Ordenado;20000;7;19999;0;0.000000
Merge Sort;Ordenado;20000;7;148016;574464;0.005000
Quick Sort;Ordenado;20000;7;199990000;200009999;1.613000
Heap Sort;Ordenado;20000;7;529074;282878;0.005000
Selection Sort;Ordenado;20000;8;199990000;0;0.509000
Insertion Sort;Ordenado;20000;8;19999;0;0.000000
Merge Sort;Ordenado;20000;8;148016;574464;0.008000
Quick Sort;Ordenado;20000;8;199990000;200009999;1.618000
Heap Sort;Ordenado;20000;8;529074;282878;0.005000
Selection Sort;Ordenado;20000;9;199990000;0;0.501000
Insertion Sort;Ordenado;20000;9;19999;0;0.000000
Merge Sort;Ordenado;20000;9;148016;574464;0.005000
Quick Sort;Ordenado;20000;9;199990000;200009999;1.674000
Heap Sort;Ordenado;20000;9;529074;282878;0.003000
Selection Sort;Ordenado;20000;10;199990000;0;0.504000
Insertion Sort;Ordenado;20000;10;19999;0;0.000000
Merge Sort;Ordenado;20000;10;148016;574464;0.004000
Quick Sort;Ordenado;20000;10;199990000;200009999;1.634000
Heap Sort;Ordenado;20000;10;529074;282878;0.004000
Selection Sort;Invertido;20000;1;199990000;10000;0.579000
Insertion Sort;Invertido;20000;1;199990000;199990000;1.564000
Merge Sort;Invertido;20000;1;139216;574464;0.005000
Quick Sort;Invertido;20000;1;199990000;100009999;1.068000
Heap Sort;Invertido;20000;1;493307;254334;0.004000
Selection Sort;Invertido;20000;2;199990000;10000;0.586000
Insertion Sort;Invertido;20000;2;199990000;199990000;1.218000
Merge Sort;Invertido;20000;2;139216;574464;0.005000
Quick Sort;Invertido;20000;2;199990000;100009999;1.018000
Heap Sort;Invertido;20000;2;493307;254334;0.006000
Selection Sort;Invertido;20000;3;199990000;10000;0.563000
Insertion Sort;Invertido;20000;3;199990000;199990000;1.380000
Merge Sort;Invertido;20000;3;139216;574464;0.007000
Quick Sort;Invertido;20000;3;199990000;100009999;1.021000
Heap Sort;Invertido;20000;3;493307;254334;0.003000
Selection Sort;Invertido;20000;4;199990000;10000;0.595000
Insertion Sort;Invertido;20000;4;199990000;199990000;1.348000
Merge Sort;Invertido;20000;4;139216;574464;0.014000
Quick Sort;Invertido;20000;4;199990000;100009999;1.274000
Heap Sort;Invertido;20000;4;493307;254334;0.010000
Selection Sort;Invertido;20000;5;199990000;10000;0.571000
Insertion Sort;Invertido;20000;5;199990000;199990000;1.342000
Merge Sort;Invertido;20000;5;139216;574464;0.005000
Quick Sort;Invertido;20000;5;199990000;100009999;0.990000
Heap Sort;Invertido;20000;5;493307;254334;0.004000
Selection Sort;Invertido;20000;6;199990000;10000;0.549000
Insertion Sort;Invertido;20000;6;199990000;199990000;1.766000
Merge Sort;Invertido;20000;6;139216;574464;0.005000
Quick Sort;Invertido;20000;6;199990000;100009999;1.060000
Heap Sort;Invertido;20000;6;493307;254334;0.006000
Selection Sort;Invertido;20000;7;199990000;10000;0.554000
Insertion Sort;Invertido;20000;7;199990000;199990000;1.126000
Merge Sort;Invertido;20000;7;139216;574464;0.004000
Quick Sort;Invertido;20000;7;199990000;100009999;1.015000
Heap Sort;Invertido;20000;7;493307;254334;0.004000
Selection Sort;Invertido;20000;8;199990000;10000;0.579000
Insertion Sort;Invertido;20000;8;199990000;199990000;1.331000
Merge Sort;Invertido;20000;8;139216;574464;0.005000
Quick Sort;Invertido;20000;8;199990000;100009999;1.187000
Heap Sort;Invertido;20000;8;493307;254334;0.003000
Selection Sort;Invertido;20000;9;199990000;10000;0.577000
Insertion Sort;Invertido;20000;9;199990000;199990000;1.109000
Merge Sort;Invertido;20000;9;139216;574464;0.005000
Quick Sort;Invertido;20000;9;199990000;100009999;1.012000
Heap Sort;Invertido;20000;9;493307;254334;0.004000
Selection Sort;Invertido;20000;10;199990000;10000;0.579000
Insertion Sort;Invertido;20000;10;199990000;199990000;1.160000
Merge Sort;Invertido;20000;10;139216;574464;0.006000
Quick Sort;Invertido;20000;10;199990000;100009999;1.004000
Heap Sort;Invertido;20000;10;493307;254334;0.005000
Selection Sort;Aleatorio;40000;1;799980000;39987;2.125000
Insertion Sort;Aleatorio;40000;1;399530280;399490291;2.557000
Merge Sort;Aleatorio;40000;1;561846;1228928;0.015000
Quick Sort;Aleatorio;40000;1;727543;381412;0.007000
Heap Sort;Aleatorio;40000;1;1101850;577075;0.012000
Selection Sort;Aleatorio;40000;2;799980000;39989;1.973000
Insertion Sort;Aleatorio;40000;2;401129598;401089620;2.328000
Merge Sort;Aleatorio;40000;2;561760;1228928;0.014000
Quick Sort;Aleatorio;40000;2;760535;433619;0.006000
Heap Sort;Aleatorio;40000;2;1101474;576729;0.013000
Selection Sort;Aleatorio;40000;3;799980000;39988;1.973000
Insertion Sort;Aleatorio;40000;3;400658250;400618262;2.534000
Merge Sort;Aleatorio;40000;3;561618;1228928;0.013000
Quick Sort;Aleatorio;40000;3;728339;371514;0.007000
Heap Sort;Aleatorio;40000;3;1101555;576886;0.009000
Selection Sort;Aleatorio;40000;4;799980000;39990;1.990000
Insertion Sort;Aleatorio;40000;4;401842774;401802785;2.657000
Merge Sort;Aleatorio;40000;4;561669;1228928;0.015000
Quick Sort;Aleatorio;40000;4;732093;413025;0.009000
Heap Sort;Aleatorio;40000;4;1101058;576396;0.011000
Selection Sort;Aleatorio;40000;5;799980000;39991;1.979000
Insertion Sort;Aleatorio;40000;5;400537510;400497518;2.596000
Merge Sort;Aleatorio;40000;5;562033;1228928;0.015000
Quick Sort;Aleatorio;40000;5;793758;446712;0.008000
Heap Sort