Algoritmo;Cenario;N;Tempo_Medio_s;Tempo_DP_s;Comp_Media;Comp_DP;Trocas_Media;Trocas_DP
Heap Sort;Aleatorio;1000.0;0.0002;0.0004216370213557839;16860.7;33.439996012759806;9087.6;21.13028369163322
Heap Sort;Aleatorio;5000.0;0.0058000000000000005;0.0028205594401741574;107674.8;76.11511749390478;57104.9;56.78507237333166
Heap Sort;Aleatorio;10000.0;0.0028;0.0009189365834726816;235360.4;89.36715777560164;124225.6;99.77218494595026
Heap Sort;Aleatorio;20000.0;0.0051;0.0015238839267549948;510723.3;174.2820510934237;268406.4;135.85629662749434
Heap Sort;Aleatorio;40000.0;0.01125;0.0017078251276599337;1101484.25;326.8907819644346;576771.5;287.53492541485855
Heap Sort;Invertido;1000.0;0.0005;0.0009718253158075501;15965.0;0.0;8316.0;0.0
Heap Sort;Invertido;5000.0;0.0016;0.0006992058987801011;103227.0;0.0;53436.0;0.0
Heap Sort;Invertido;10000.0;0.0016;0.000699205898780101;226682.0;0.0;116696.0;0.0
Heap Sort;Invertido;20000.0;0.0049;0.0020789954839350237;493307.0;0.0;254334.0;0.0
Heap Sort;Ordenado;1000.0;0.0004;0.0005163977794943222;17583.0;0.0;9708.0;0.0
Heap Sort;Ordenado;5000.0;0.0018000000000000002;0.0006324555320336758;112126.0;0.0;60932.0;0.0
Heap Sort;Ordenado;10000.0;0.0029000000000000002;0.0011972189997378647;244460.0;0.0;131956.0;0.0
Heap Sort;Ordenado;20000.0;0.0047;0.0011595018087284057;529074.0;0.0;282878.0;0.0
Insertion Sort;Aleatorio;1000.0;0.0026000000000000003;0.0005163977794943222;249667.3;5101.300336406615;248674.0;5101.457917976866
Insertion Sort;Aleatorio;5000.0;0.1633;0.07167527080133317;6234190.9;70707.69046409757;6229201.7;70707.54975099118
Insertion Sort;Aleatorio;10000.0;0.2101;0.07639146258290617;24982126.8;198170.59827039047;24972135.3;198170.2911465853
Insertion Sort;Aleatorio;20000.0;0.6719999999999999;0.06941501598677653;99955592.6;514346.3866347886;99935601.9;514346.9297277099
Insertion Sort;Aleatorio;40000.0;2.5344;0.12443592728790187;400739682.4;848381.4491918116;400699695.2;848382.867837216
Insertion Sort;Invertido;1000.0;0.0081;0.0024698178070456933;499500.0;0.0;499500.0;0.0
Insertion Sort;Invertido;5000.0;0.19660000000000002;0.14477123716785428;12497500.0;0.0;12497500.0;0.0
Insertion Sort;Invertido;10000.0;0.4205;0.15315732651971523;49995000.0;0.0;49995000.0;0.0
Insertion Sort;Invertido;20000.0;1.3344;0.20535292114363082;199990000.0;0.0;199990000.0;0.0
Insertion Sort;Ordenado;1000.0;0.0;0.0;999.0;0.0;0.0;0.0
Insertion Sort;Ordenado;5000.0;0.0;0.0;4999.0;0.0;0.0;0.0
Insertion Sort;Ordenado;10000.0;0.0001;0.00031622776601683794;9999.0;0.0;0.0;0.0
Insertion Sort;Ordenado;20000.0;0.0;0.0;19999.0;0.0;0.0;0.0
Merge Sort;Aleatorio;1000.0;0.0;0.0;8697.4;18.142644668172025;19952.0;0.0
Merge Sort;Aleatorio;5000.0;0.0043;0.003917198545446024;55239.3;41.63612213771411;123616.0;0.0
Merge Sort;Aleatorio;10000.0;0.0041;0.0008755950357709131;120472.4;41.508232115248646;267232.0;0.0
Merge Sort;Aleatorio;20000.0;0.007299999999999999;0.0014181364924121763;260948.2;92.91908068612598;574464.0;0.0
Merge Sort;Aleatorio;40000.0;0.0144;0.0008944271909999156;561785.2;163.70308488237455;1228928.0;0.0
Merge Sort;Invertido;1000.0;0.0001;0.00031622776601683794;4932.0;0.0;19952.0;0.0
Merge Sort;Invertido;5000.0;0.0021999999999999997;0.0031198290551460238;29804.0;0.0;123616.0;0.0
Merge Sort;Invertido;10000.0;0.003;0.0014142135623730948;64608.0;0.0;267232.0;0.0
Merge Sort;Invertido;20000.0;0.0060999999999999995;0.0028848262031225076;139216.0;0.0;574464.0;0.0
Merge Sort;Ordenado;1000.0;0.0005;0.0005270462766947299;5044.0;0.0;19952.0;0.0
Merge Sort;Ordenado;5000.0;0.0019;0.000994428926011753;32004.0;0.0;123616.0;0.0
Merge Sort;Ordenado;10000.0;0.0031;0.0007378647873726219;69008.0;0.0;267232.0;0.0
Merge Sort;Ordenado;20000.0;0.0058000000000000005;0.0012292725943057184;148016.0;0.0;574464.0;0.0
Quick Sort;Aleatorio;1000.0;0.00030000000000000003;0.00048304589153964797;10870.1;427.58610568840726;6371.3;728.6704864187776
Quick Sort;Aleatorio;5000.0;0.0033;0.0037133393177689656;70442.7;2224.134191095496;38260.8;2929.919255618565
Quick Sort;Aleatorio;10000.0;0.0019;0.00031622776601683794;156213.8;6573.9505761587225;86527.2;6721.004981069093
Quick Sort;Aleatorio;20000.0;0.0039;0.0011005049346146118;339740.6;17363.473687280693;185871.2;14094.760916343663
Quick Sort;Aleatorio;40000.0;0.0073999999999999995;0.0011401754250991375;748453.6;28757.47052158795;409256.4;32444.028592331128
Quick Sort;Invertido;1000.0;0.0087;0.0033681514877517676;499500.0;0.0;250499.0;0.0
Quick Sort;Invertido;5000.0;0.1713;0.08120214830217785;12497500.0;0.0;6252499.0;0.0
Quick Sort;Invertido;10000.0;0.3851;0.23264682341361217;49995000.0;0.0;25004999.0;0.0
Quick Sort;Invertido;20000.0;1.0649000000000002;0.09273552597455725;199990000.0;0.0;100009999.0;0.0
Quick Sort;Ordenado;1000.0;0.011300000000000001;0.0040013886478460345;499500.0;0.0;500499.0;0.0
Quick Sort;Ordenado;5000.0;1.0078;1.8541206241474388;12497500.0;0.0;12502499.0;0.0
Quick Sort;Ordenado;10000.0;0.5963;0.2765931830123239;49995000.0;0.0;50004999.0;0.0
Quick Sort;Ordenado;20000.0;1.8347000000000002;0.3814076413614296;199990000.0;0.0;200009999.0;0.0
Selection Sort;Aleatorio;1000.0;0.0017000000000000001;0.00048304589153964797;499500.0;0.0;992.8;2.6583202716502665
Selection Sort;Aleatorio;5000.0;0.1092;0.03266258477898595;12497500.0;0.0;4991.0;3.091206165165224
Selection Sort;Aleatorio;10000.0;0.1619;0.04445334633073195;49995000.0;0.0;9989.3;3.9735234853825867
Selection Sort;Aleatorio;20000.0;0.5410999999999999;0.09599010365657495;199990000.0;0.0;19988.7;2.5841396591083994
Selection Sort;Aleatorio;40000.0;2.008;0.0657723346096213;799980000.0;0.0;39989.0;1.5811388300841898
Selection Sort;Invertido;1000.0;0.0041;0.003725288952252936;499500.0;0.0;500.0;0.0
Selection Sort;Invertido;5000.0;0.059199999999999996;0.02664916092070776;12497500.0;0.0;2500.0;0.0
Selection Sort;Invertido;10000.0;0.1596;0.0313375883635682;49995000.0;0.0;5000.0;0.0
Selection Sort;Invertido;20000.0;0.5731999999999999;0.014211106767439157;199990000.0;0.0;10000.0;0.0
Selection Sort;Ordenado;1000.0;0.0021999999999999997;0.002440400695696417;499500.0;0.0;0.0;0.0
Selection Sort;Ordenado;5000.0;0.08349999999999999;0.03962112231289434;12497500.0;0.0;0.0;0.0
Selection Sort;Ordenado;10000.0;0.16419999999999998;0.05750903310688583;49995000.0;0.0;0.0;0.0
Selection Sort;Ordenado;20000.0;0.5259;0.06140114005456249;199990000.0;0.0;0.0;0.0
